{"song":{"sectionLengths":[],"player1":"bf","notes":[{"sectionNotes":[[384.615384615385,0,0],[512.820512820513,1,0],[641.025641025641,2,0],[769.230769230769,3,0],[1153.84615384615,2,0],[1282.05128205128,1,0],[1410.25641025641,0,0],[1794.87179487179,3,0],[897.435897435897,2,0],[1025.64102564103,1,0],[1923.07692307692,2,0],[0,3,256.410256410256],[0,7,256.410256410256],[384.615384615385,4,0],[512.820512820513,5,0],[641.025641025641,6,0],[769.230769230769,7,0],[897.435897435897,6,0],[1025.64102564103,5,0],[1153.84615384615,6,0],[1282.05128205128,5,0],[1666.66666666667,2,0],[1538.46153846154,1,0],[1410.25641025641,4,0],[1538.46153846154,5,0],[1666.66666666667,6,0],[1794.87179487179,7,0],[1923.07692307692,6,0]],"lengthInSteps":16,"typeOfSection":0,"mustHitSection":false},{"sectionNotes":[[2051.28205128205,1,0],[2179.48717948718,2,0],[2307.69230769231,1,0],[2435.89743589744,2,0],[2564.10256410256,1,0],[2692.30769230769,2,0],[2820.51282051282,1,0],[2948.71794871795,2,0],[3076.92307692308,3,0],[3205.12820512821,2,0],[3333.33333333333,3,0],[3461.53846153846,2,0],[3589.74358974359,3,0],[3717.94871794872,2,0],[3846.15384615385,3,0],[3974.35897435897,2,0],[2051.28205128205,5,0],[2179.48717948718,6,0],[2307.69230769231,5,0],[2435.89743589744,6,0],[2564.10256410256,5,0],[2692.30769230769,6,0],[2820.51282051282,5,0],[2948.71794871795,6,0],[3076.92307692308,7,0],[3205.12820512821,6,0],[3333.33333333333,7,0],[3461.53846153846,6,0],[3589.74358974359,7,0],[3717.94871794872,6,0],[3846.15384615385,7,0],[3974.35897435897,6,0]],"lengthInSteps":16,"typeOfSection":0,"mustHitSection":false},{"sectionNotes":[[4102.5641025641,0,0],[4230.76923076923,1,0],[4358.97435897436,2,0],[4487.17948717949,3,0],[4615.38461538462,2,0],[4743.58974358974,0,0],[4871.79487179487,1,0],[5000,2,0],[5128.20512820513,3,0],[5256.41025641026,2,0],[5384.61538461538,1,0],[5512.82051282051,0,0],[5641.02564102564,1,0],[5769.23076923077,2,0],[5897.4358974359,1,0],[6025.64102564103,2,0],[4102.5641025641,4,0],[4230.76923076923,5,0],[4358.97435897436,6,0],[4487.17948717949,7,0],[4615.38461538462,6,0],[4743.58974358974,4,0],[4871.79487179487,5,0],[5000,6,0],[5128.20512820513,7,0],[5256.41025641026,6,0],[5384.61538461538,5,0],[5512.82051282051,4,0],[5641.02564102564,5,0],[5769.23076923077,6,0],[5897.4358974359,5,0],[6025.64102564103,6,0]],"lengthInSteps":16,"typeOfSection":0,"mustHitSection":false},{"sectionNotes":[[6153.84615384615,4,0],[6282.05128205128,6,0],[6410.25641025641,4,0],[6538.46153846154,6,0],[6666.66666666667,4,0],[6794.87179487179,6,0],[6923.07692307692,4,0],[7051.28205128205,6,0],[7179.48717948718,7,0],[7307.69230769231,7,0],[7435.89743589744,7,0],[7564.10256410256,6,0],[7692.30769230769,6,0],[7820.51282051282,5,0],[7948.71794871795,5,0],[6153.84615384615,0,0],[6410.25641025641,0,0],[6666.66666666667,0,0],[6923.07692307692,0,0],[6282.05128205128,2,0],[6538.46153846154,2,0],[6794.87179487179,2,0],[7051.28205128205,2,0],[7179.48717948718,3,0],[7307.69230769231,3,0],[7435.89743589744,3,0],[7564.10256410256,2,0],[7692.30769230769,2,0],[7820.51282051282,1,0],[7948.71794871795,1,0],[8076.92307692308,0,0],[8076.92307692308,4,0]],"lengthInSteps":16,"typeOfSection":0,"mustHitSection":true},{"sectionNotes":[[8205.12820512821,0,0],[8333.33333333333,1,0],[8461.53846153846,2,0],[8589.74358974359,3,0],[8717.94871794872,0,0],[8846.15384615385,1,0],[8974.35897435897,2,0],[9102.5641025641,3,0],[9230.76923076923,2,0],[9358.97435897436,1,0],[9487.17948717949,0,0],[9615.38461538462,1,0],[9743.58974358974,2,0],[9871.79487179487,2,0],[10000,2,0],[10128.2051282051,2,0],[8205.12820512821,4,0],[8333.33333333333,5,0],[8461.53846153846,6,0],[8589.74358974359,7,0],[8717.94871794872,4,0],[8846.15384615385,5,0],[8974.35897435897,6,0],[9102.5641025641,7,0],[9230.76923076923,6,0],[9358.97435897436,5,0],[9487.17948717949,4,0],[9615.38461538462,5,0],[9743.58974358974,6,0],[9871.79487179487,6,0],[10000,6,0],[10128.2051282051,6,0]],"lengthInSteps":16,"typeOfSection":0,"mustHitSection":false},{"sectionNotes":[[10256.4102564103,5,897.435897435897],[11282.0512820513,4,0],[11410.2564102564,5,0],[11538.4615384615,6,0],[11666.6666666667,7,0],[11794.8717948718,6,0],[11923.0769230769,5,0],[12051.2820512821,4,0],[12179.4871794872,5,0],[10256.4102564103,1,897.435897435897],[11282.0512820513,0,0],[11410.2564102564,1,0],[11538.4615384615,2,0],[11666.6666666667,3,0],[11794.8717948718,2,0],[11923.0769230769,1,0],[12051.2820512821,0,0],[12179.4871794872,1,0]],"lengthInSteps":16,"typeOfSection":0,"mustHitSection":true},{"sectionNotes":[[12307.6923076923,2,0],[12435.8974358974,3,0],[12307.6923076923,6,0],[12435.8974358974,7,0],[12564.1025641026,6,0],[12692.3076923077,5,0],[12820.5128205128,4,0],[12564.1025641026,2,0],[12692.3076923077,1,0],[12820.5128205128,0,0],[12948.7179487179,5,0],[13076.9230769231,6,0],[13205.1282051282,7,0],[12948.7179487179,1,0],[13076.9230769231,2,0],[13205.1282051282,3,0],[13333.3333333333,0,0],[13461.5384615385,1,0],[13589.7435897436,2,0],[13717.9487179487,3,0],[13333.3333333333,4,0],[13461.5384615385,5,0],[13589.7435897436,6,0],[13717.9487179487,7,0],[13846.1538461538,2,0],[13974.358974359,1,0],[14102.5641025641,0,0],[13846.1538461538,6,0],[13974.358974359,5,0],[14102.5641025641,4,0],[14230.7692307692,5,0],[14230.7692307692,1,0]],"lengthInSteps":16,"typeOfSection":0,"mustHitSection":false},{"sectionNotes":[[14358.9743589744,7,0],[14487.1794871795,6,0],[14615.3846153846,5,0],[14743.5897435897,4,0],[14871.7948717949,5,0],[15000,6,0],[15128.2051282051,7,0],[15256.4102564103,6,0],[15384.6153846154,4,0],[15512.8205128205,5,0],[15641.0256410256,5,0],[15769.2307692308,5,0],[15897.4358974359,5,0],[16025.641025641,5,0],[16153.8461538462,5,0],[16282.0512820513,5,0],[14358.9743589744,3,0],[14487.1794871795,2,0],[14615.3846153846,1,0],[14743.5897435897,0,0],[14871.7948717949,1,0],[15000,2,0],[15128.2051282051,3,0],[15256.4102564103,2,0],[15384.6153846154,0,0],[15512.8205128205,1,0],[15641.0256410256,1,0],[15769.2307692308,1,0],[15897.4358974359,1,0],[16025.641025641,1,0],[16153.8461538462,1,0],[16282.0512820513,1,0]],"lengthInSteps":16,"typeOfSection":0,"mustHitSection":true},{"sectionNotes":[[16410.2564102564,0,0],[16538.4615384615,0,0],[16666.6666666667,0,0],[16794.8717948718,0,0],[16923.0769230769,0,0],[17051.2820512821,0,0],[17179.4871794872,0,0],[16410.2564102564,1,0],[16538.4615384615,2,0],[16666.6666666667,3,0],[16794.8717948718,1,0],[16923.0769230769,2,0],[17051.2820512821,3,0],[17307.6923076923,0,0],[17435.8974358974,0,0],[17564.1025641026,0,0],[17692.3076923077,0,0],[17179.4871794872,1,0],[17307.6923076923,2,0],[17435.8974358974,3,512.820512820513],[18076.9230769231,2,256.410256410256],[17820.5128205128,0,0],[17948.7179487179,0,0],[18076.9230769231,0,0],[18205.1282051282,0,0],[18333.3333333333,0,0],[16410.2564102564,4,0],[16538.4615384615,4,0],[16666.6666666667,4,0],[16794.8717948718,4,0],[16923.0769230769,4,0],[17051.2820512821,4,0],[17179.4871794872,4,0],[17307.6923076923,4,0],[17435.8974358974,4,0],[17564.1025641026,4,0],[17692.3076923077,4,0],[17820.5128205128,4,0],[17948.7179487179,4,0],[18076.9230769231,4,0],[18205.1282051282,4,0],[18333.3333333333,4,0],[16410.2564102564,5,0],[16538.4615384615,6,0],[16666.6666666667,7,0],[16794.8717948718,5,0],[16923.0769230769,6,0],[17051.2820512821,7,0],[17179.4871794872,5,0],[17307.6923076923,6,0],[17435.8974358974,7,512.820512820513],[18076.9230769231,6,256.410256410256]],"lengthInSteps":16,"typeOfSection":0,"mustHitSection":false},{"sectionNotes":[[18461.5384615385,4,128.205128205128],[18717.9487179487,5,128.205128205128],[18974.358974359,6,128.205128205128],[19230.7692307692,7,128.205128205128],[19487.1794871795,5,384.615384615385],[20000,6,384.615384615385],[18461.5384615385,0,128.205128205128],[18717.9487179487,1,128.205128205128],[18974.358974359,2,128.205128205128],[19230.7692307692,3,128.205128205128],[19487.1794871795,1,384.615384615385],[20000,2,384.615384615385]],"lengthInSteps":16,"typeOfSection":0,